,doc_url,name,bulletin,topic,commission
222_ind_ind,https://www.chileconvencion.cl/wp-content/uploads/2022/02/148-Acceso-a-la-justicia.pdf,Iniciativa Popular Indígena que garantiza el acceso a la justicia,Boletín 148-6 Indígena,Acceso a la justicia,Comisión sobre Sistemas de Justicia
224_ind_ind,https://www.chileconvencion.cl/wp-content/uploads/2022/02/146-Derechos-de-comunicacion.pdf,Iniciativa Popular Indígena que garantiza derechos comunicativos de pueblos originarios,Boletín 146-7 Indígena,Derechos comunicativos,Comisión sobre Sistemas de Conocimientos
226_ind_ind,https://www.chileconvencion.cl/wp-content/uploads/2022/02/144-restitucion-del-agua-y-territorio-como-bien-comun-para-el-Itrofilmonguen.pdf,"Iniciativa Popular Indígena que consagra el derecho ancestral y preferente al uso de las aguas de los pueblos indígenas, y la pre-existencia de sus territorios",Boletín 144-5 Indígena,Derecho ancestral al uso de las aguas,Comisión sobre Medio Ambiente
228_ind_ind,https://www.chileconvencion.cl/wp-content/uploads/2022/02/142-observancia-de-Declaracion-de-NU-sobre-los-Derechos-de-los-PPOO.pdf,"Iniciativa Popular Indígena que consagra que el Estado de Chile, reconoce, respeta, garantiza y protege los derechos colectivos e individuales de los pueblos indígenas y sus integrantes",Boletín 142-4 Indígena,Derechos colectivos e individuales,Comisión de Derechos Fundamentales
230_ind_ind,https://www.chileconvencion.cl/wp-content/uploads/2022/02/140-Derecho-de-consentimiento-previo-libre-informado-1.pdf,"Iniciativa Popular Indígena que exige el consentimiento previo, libre e informado de los pueblos originarios, respecto de medidas administrativas o políticas públicas, en protección de sus derechos colectivos",Boletín 140-2 Indígena,Consentimiento previo de pueblos originarios,Comisión sobre Principios Constitucionales
221_ind_ind,https://www.chileconvencion.cl/wp-content/uploads/2022/02/149-Respeto-de-tratados-historicos-y-acuerdos.pdf,Iniciativa Popular Indígena que garantiza el respeto de tratados históricos y acuerdos,Boletín 149-2 Indígena,Respeto a tratados históricos,Comisión sobre Principios Constitucionales
223_ind_ind,https://www.chileconvencion.cl/wp-content/uploads/2022/02/147-Proteccion-de-Creaciones-y-Conocimientos-de-Naciones-Preexistentes.pdf,"Iniciativa Popular Indígena que garantiza el derecho al resguardo de la propiedad intelectual, industrial y saberes ancestrales",Boletín 147-7 Indígena,Propiedad intelectual y saberes ancestrales,Comisión sobre Sistemas de Conocimientos
225_ind_ind,https://www.chileconvencion.cl/wp-content/uploads/2022/02/145-AUTONOMIA-Y-LIBRE-DETERMINACION-COMO-DERECHOS-COLECTIVOS.pdf,"Iniciativa Popular Indígena sobre el derecho de los pueblos o naciones indígenas a decidir libremente, de manera colectiva, su destino económico, administrativo, político, social, cultural, espiritual, comunitario y territorial, y el derecho y la autonomía a elegir autoridades representativa",Boletín 145-4 Indígena,Autonomía y libre determinación,Comisión de Derechos Fundamentales
227_ind_ind,https://www.chileconvencion.cl/wp-content/uploads/2022/02/143-DERECHO-DE-LA-NUKE-MAPU.pdf,Iniciativa Popular Indígena que consagra la naturaleza como sujeto de derechos,Boletín 143-5 Indígena,Naturaleza como sujeto de derechos,Comisión sobre Medio Ambiente
229_ind_ind,https://www.chileconvencion.cl/wp-content/uploads/2022/02/141-PRINCIPIO-DE-AUTOIDENTIFICACION-DE-LA-CALIDAD-INDIGENA.pdf,Iniciativa Popular Indígena sobre principio de autoidentificación de la calidad indígena bajo estándares internacionales,Boletín 141-2 Indígena,Principio autoidentificación de la calidad de indígena,Comisión sobre Principios Constitucionales
232_ind_ind,https://www.chileconvencion.cl/wp-content/uploads/2022/02/138-Resguardo-y-uso-autonomo-de-Centros-Ceremoniales-de-Pueblos-Originarios.pdf,"Iniciativa Popular Indígena sobre asimilación de los Centros Ceremoniales de Pueblos Originarios, a las instalaciones de otros cultos o práctica reconocidas por el Estado",Boletín 138-7 Indígena,Asimilación centros ceremoniales con lugares de culto,Comisión sobre Sistemas de Conocimientos
234_ind_ind,https://www.chileconvencion.cl/wp-content/uploads/2022/02/136-Consulta-previa.pdf,"Iniciativa Popular Indígena que exige la consulta indígena previa, y el consentimiento libre e informado de los pueblos, respecto de medidas administrativas o políticas públicas, en protección de sus derechos colectivos",Boletín 136-2 Indígena,Consulta Indígena,Comisión sobre Principios Constitucionales
236_ind_ind,https://www.chileconvencion.cl/wp-content/uploads/2022/02/134-fortalecimiento-tecnico-y-financiero-de-la-Economia-Indigena-Social.pdf,Iniciativa Popular Indígena que promueve la economía indígena social y cooperativista de los Pueblos Originarios,Boletín 134-4 Indígena,Economía indígena social,Comisión de Derechos Fundamentales
238_ind_ind,https://www.chileconvencion.cl/wp-content/uploads/2022/02/132-Derechos-de-participacion-en-la-vida-politica-del-estado.pdf,Iniciativa Popular Indígena sobre derechos de los pueblos y naciones preexistentes a participar en la vida política del Estado,Boletín 132-2 Indígena,Derecho a participar en la vida política del Estado,Comisión sobre Principios Constitucionales
240_ind_ind,https://www.chileconvencion.cl/wp-content/uploads/2022/02/130-espacios-ceremoniales-para-PPOO-y-sus-practicas-ancestrales.pdf,Iniciativa Popular Indígena sobre otorgamiento de espacios ceremoniales para los pueblos originarios y sus prácticas ancestrales,Boletín 130-7 Indígena,Prácticas ancestrales,Comisión sobre Sistemas de Conocimientos
231_ind_ind,https://www.chileconvencion.cl/wp-content/uploads/2022/02/139-Derechos-Territoriales-de-los-Pueblos-Indigenas-en-Areas-Protegidas.pdf,Iniciativa Popular Indígena sobre derechos Territoriales de los Pueblos Indígenas en Áreas Protegidas,Boletín 139-5 Indígena,Derechos territoriales en áreas protegidas,Comisión sobre Medio Ambiente
233_ind_ind,https://www.chileconvencion.cl/wp-content/uploads/2022/02/137-acceso-a-DDFF-a-toda-la-poblacion-indigena-y-afrodescendiente.pdf,Iniciativa Popular Indígena que extiende la protección de los Derechos Fundamentales a toda la población indígena y afrodescendiente de Chile,Boletín 137-7 Indígena,Protección derechos fundamentales,Comisión sobre Sistemas de Conocimientos
235_ind_ind,https://www.chileconvencion.cl/wp-content/uploads/2022/02/135-Reconocimiento-de-las-identidades-territoriales-Mapuche.pdf,Iniciativa Popular Indígena sobre reconocimiento de las identidades territoriales Mapuche,Boletín 135-4 Indígena,Identidad territorial mapuche,Comisión de Derechos Fundamentales
237_ind_ind,https://www.chileconvencion.cl/wp-content/uploads/2022/02/133-Promueve-emprendimiento-orientado-a-la-Cosmovision-Indigena.pdf,"Iniciativa Popular Indígena sobre fomento al desarrollo de actividades empresariales por parte de las asociaciones y comunidades indígenas, con respeto de su cosmovisión y vinculación territorial",Boletín 133-7 Indígena,Emprendimiento orientado a cosmovisión,Comisión sobre Sistemas de Conocimientos
239_ind_ind,https://www.chileconvencion.cl/wp-content/uploads/2022/02/131-Reconocimiento-oficial-de-la-trashumancia-del-Pueblo-Chango.pdf,"Iniciativa Popular Indígena sobre reconocimiento oficial de la trashumancia del Pueblo Chango, a lo largo del territorio, y los derechos asociados a sus costumbres ancestrales",Boletín 131-4 Indígena,Trashumancia del pueblo chango,Comisión de Derechos Fundamentales
242_ind_ind,https://www.chileconvencion.cl/wp-content/uploads/2022/02/128-RECONOCIMIENTO-DE-LA-MEDICINA-ANCESTRAL-INDIGENA-Y-TRIBAL.pdf,Iniciativa Popular Indígena que consagra el Derecho a la Medicina ancestral Indígena,Boletín 128-4 Indígena,Derecho a medicina ancestral,Comisión de Derechos Fundamentales
244_ind_ind,https://www.chileconvencion.cl/wp-content/uploads/2022/02/126-Derechos-de-Autonomia-y-Autogobierno.pdf,"Iniciativa Popular Indígena sobre reconocimiento a las autoridades y autogobiernos de las comunidades y pueblos naciones preexistentes, como resultado del ejercicio de su derecho a la libre determinación, que conlleva autonomía política, territorial, funcional, fiscal y al autogobierno en las cuestiones relacionadas con sus asuntos internos y locales",Boletín 126-3 Indígena,Autoridades y autogobiernos,Comisión sobre Forma de Estado
246_ind_ind,https://www.chileconvencion.cl/wp-content/uploads/2022/02/124-PROTECCION-A-DIGNIDAD-Y-HONRA-DE-NACIONES-ORIGINARIAS-EN-MEDIOS-DE-COMUNICACION.pdf,"Iniciativa Popular Indígena que consagra el deber estado dar protección al derecho a la dignidad y honra de las naciones originarias en los medios de comunicación y medios digitales, a través de herramientas tales como el recurso de protección o el recurso de amparo",Boletín 124-4 Indígena,Protección al derecho a la dignidad y honra de naciones originarias,Comisión de Derechos Fundamentales
248_ind_ind,https://www.chileconvencion.cl/wp-content/uploads/2022/02/122-DERECHO-A-LA-LIBRE-DETERMINACION-Y-AUTONOMIA.pdf,Iniciativa Popular Indígena que consagra el derecho a la autonomía y la libre determinación de los pueblos,Boletín 122-1 Indígena,Autonomía y libre determinación,Comisión sobre Sistema Político
250_ind_ind,https://www.chileconvencion.cl/wp-content/uploads/2022/02/120-Derechos-colectivos-de-tierras-y-territorios-bienes-y-recursos-naturales.pdf,"Iniciativa Popular Indígena que reconoce, respeta y garantiza la vinculación de los pueblos y naciones preexistentes con su medio",Boletín 120-4 Indígena,Vinculación pueblos y naciones con su medio,Comisión de Derechos Fundamentales
241_ind_ind,https://www.chileconvencion.cl/wp-content/uploads/2022/02/129-PROTEGER-Y-REPARAR-LA-INFANCIA-MAPUCHE.pdf,Iniciativa Popular Indígena que consagra el Derecho a proteger y reparar la infancia mapuche,Boletín 129-4 Indígena,Proteger y reparar a infancia mapuche,Comisión de Derechos Fundamentales
243_ind_ind,https://www.chileconvencion.cl/wp-content/uploads/2022/02/127-Reconocimiento-fomento-y-proteccion-del-uso-de-las-lenguas-indigenas.pdf,"Iniciativa Popular Indígena sobre promoción, uso y protección de las lenguas indígenas",Boletín 127-7 Indígena,Protección lenguas indígenas,Comisión sobre Sistemas de Conocimientos
245_ind_ind,https://www.chileconvencion.cl/wp-content/uploads/2022/02/125-FOMENTO-AL-DESARROLLO-ECONOMICO-DE-LAS-NACIONES-ORIGINARIAS.pdf,Iniciativa Popular Indígena que consagra sistema de tributación especial para personas pertenecientes a naciones originarias,Boletín 125-5 Indígena,Tributación especial,Comisión sobre Medio Ambiente
247_ind_ind,https://www.chileconvencion.cl/wp-content/uploads/2022/02/123-PROTECCION-A-LAS-SEMILLAS-ANCESTRALES.pdf,Iniciativa Popular Indígena que consagra el reconocimiento de las semillas ancestrales y sus mecanismos de protección para el uso inadecuado de ellas,Boletín 123-5 Indígena,Semillas ancestrales,Comisión sobre Medio Ambiente
249_ind_ind,https://www.chileconvencion.cl/wp-content/uploads/2022/02/121-PROTECCION-A-LAS-TRADICIONES-Y-COSTUMBRES-INDIGENAS.pdf,Iniciativa Popular Indígena que consagra el Derecho a la Protección de las Tradiciones y Costumbres Indígenas,Boletín 121-7 Indígena,Protección tradiciones y costumbres indígenas,Comisión sobre Sistemas de Conocimientos
252_ind_ind,https://www.chileconvencion.cl/wp-content/uploads/2022/02/118-Derechos-de-la-naturaleza.pdf,Iniciativa Popular Indígena que establece derechos de la naturaleza,Boletín 118-5 Indígena,Derechos de la naturaleza,Comisión sobre Medio Ambiente
254_ind_ind,https://www.chileconvencion.cl/wp-content/uploads/2022/02/116-Derechos-humanos.-Bloque-de-constitucionalidad.pdf,"Iniciativa Popular Indígena que reconoce derechos humanos a las personas y los pueblos y naciones preexistentes al Estado, y establece sus principios",Boletín 116-2 Indígena,"Reconoce DDHH a personas, pueblos y naciones preexistentes",Comisión sobre Principios Constitucionales
256_ind_ind,https://www.chileconvencion.cl/wp-content/uploads/2022/02/114-Estado-plurinacional-y-principios-rectores.pdf,"Iniciativa Popular Indígena que establece que Chile es un Estado plurinacional, intercultural, plurilingüe, descentralizado y con autonomías indígenas",Boletín 114-1 Indígena,Estado plurinacional,Comisión sobre Sistema Político
258_ind_ind,https://www.chileconvencion.cl/wp-content/uploads/2022/02/112-derecho-de-PPOO-a-mantener-controlar-proteger-y-desarrollar-su-identidad-cultural.pdf,Iniciativa Popular Indígena que consagra derecho de pueblos indígenas a su identidad cultural,Boletín 112-7 Indígena,Identidad cultural,Comisión sobre Sistemas de Conocimientos
260_ind_ind,https://www.chileconvencion.cl/wp-content/uploads/2022/02/110-GARANTIZA-Y-PROTEGE-LOS-DERECHOS-LINGUISTICOS-DE-LOS-PUEBLOS-ORIGINARIOS-QUECHUA.pdf,"Iniciativa Popular Indígena que garantiza el resguardo de la propiedad intelectual, industrial y saberes ancestrales",Boletín 110-7 Indígena,Propiedad intelectual,Comisión sobre Sistemas de Conocimientos
251_ind_ind,https://www.chileconvencion.cl/wp-content/uploads/2022/02/119-Cumplimiento-obligatorio-de-declaracion-de-NU-sobre-derechos-de-pueblos-indigenas.pdf,Iniciativa Popular Indígena que garantiza a los pueblos indígenas el disfrute pleno de todos los derechos fundamentales,Boletín 119-4 Indígena,Derechos fundamentales,Comisión de Derechos Fundamentales
253_ind_ind,https://www.chileconvencion.cl/wp-content/uploads/2022/02/117-Democracia-participativa.pdf,Iniciativa Popular Indígena sobre ejercicio de la soberanía por medio de las formas de participación directa y representativa,Boletín 117-2 Indígena,Soberanía,Comisión sobre Principios Constitucionales
255_ind_ind,https://www.chileconvencion.cl/wp-content/uploads/2022/02/115-Estatus-constitucional-de-los-pueblos-indigenas.pdf,Iniciativa Popular Indígena que reconoce a los pueblos y naciones originarias preexistentes al Estado y su derecho de libre determinación,Boletín 115-1 Indígena,Preexistencia y libre determinación,Comisión sobre Sistema Político
257_ind_ind,https://www.chileconvencion.cl/wp-content/uploads/2022/02/113-Creacion-de-una-institucionalidad-estatal-plurinacional.pdf,Iniciativa Popular Indígena sobre creación de una institucionalidad estatal plurinacional que promueva y garantice los derechos de los pueblos indígenas,Boletín 113-1 Indígena,Institucionalidad estatal plurinacional,Comisión sobre Sistema Político 
259_ind_ind,https://www.chileconvencion.cl/wp-content/uploads/2022/02/111-constitucionalizacion-del-Convenio-169-de-la-OIT.pdf,"Iniciativa Popular Indígena que protege derechos de pueblos indígenas sobre sus tierras y su territorio ancestral, rigiéndose por el Convenio 169",Boletín 111-2 Indígena,derechos pueblos sobre sus tierras ,Comisión sobre Principios Constitucionales
262_ind_ind,https://www.chileconvencion.cl/wp-content/uploads/2022/02/108-Derechos-individuales-y-colectivos-indigenas-y-tribales-Comunidad-indigena-quechua-de-Quipisca.pdf,"Iniciativa popular Indígena que declara a los pueblos indígenas como custodios de su propia identidad, cultura y patrimonio",Boletín 108-7 Indígena,"Identidad, cultura y patrimonio",Comisión sobre Sistemas de Conocimientos
264_ind_ind,https://www.chileconvencion.cl/wp-content/uploads/2022/02/106-BUSCA-GARANTIZAR-EL-DERECHO-AL-PATRIMONIO-DE-LOS.pdf,"Iniciativa Popular Indígena que consagra el derecho al resguardo de la propiedad intelectual, industrial y saberes ancestrales",Boletín 106-7Indígena,Propiedad intelectual,Comisión sobre Sistemas de Conocimientos
266_ind_ind,https://www.chileconvencion.cl/wp-content/uploads/2022/02/104-DESCENTRALIZACION-DE-LA-CIENCIA.pdf,"Iniciativa Popular Indígena que consagra el derecho a la Ciencia, Conocimiento y Tecnología",Boletín 104-7 Indígena,"Derecho a la ciencia, conocimiento y tecnología",Comisión sobre Sistemas de Conocimientos
268_ind_ind,https://www.chileconvencion.cl/wp-content/uploads/2022/02/102-DERECHO-A-LA-SALUD-INTERCULTURAL.pdf,Iniciativa Popular Indígena que consagra el derecho a la salud tradicional de los pueblos indígenas,Boletín 102-4 Indígena,Derecho a la salud tradicional,Comisión de Derechos Fundamentales
270_ind_ind,https://www.chileconvencion.cl/wp-content/uploads/2022/02/100-DERECHOS-HUMANOS.-BLOQUE-DE-CONSTITUCIONALIDAD.pdf,"Iniciativa Popular Indígena sobre que todas las personas, pueblos y naciones preexistentes al Estado gozan de derechos y garantías",Boletín 100-4 Indígena,Derechos y garantías,Comisión de Derechos Fundamentales
261_ind_ind,https://www.chileconvencion.cl/wp-content/uploads/2022/02/109-RECONOCIMIENTO-GARANTIA-DEL-DERECHO-A-LA-EDUCACION-DE-LOS-PUEBLOS-INDIGENAS.pdf,Iniciativa Popular Indígena que garantiza el derecho a la educación de los pueblos indígenas,Boletín 109-7 Indígena,Derecho a la educación,Comisión sobre Sistemas de Conocimientos
263_ind_ind,https://www.chileconvencion.cl/wp-content/uploads/2022/02/107-Declaracion-de-Naciones-Unidas-sobre-los-Derechos-de-los-Pueblos-indigenas.pdf,Iniciativa Popular Indígena que garantiza derechos colectivos e individuales de los pueblos indígenas y sus integrantes,Boletín 107-2 Indígena,Derechos colectivos e individuales,Comisión sobre Principios Constitucionales
265_ind_ind,https://www.chileconvencion.cl/wp-content/uploads/2022/02/105-SUSTITUCION-DE-NOTARIAS-CONSERVADORES-DE-BIENES-RAICES-Y-DEL-NEPOTISMO-EN-INSTITUCIONES-CON.pdf,"Iniciativa Popular Indígena que establece nuevo órgano, con funciones de Notarias y Conservadores de Bienes Raíces, con carácter colegiado, paritario y plurinacional",Boletín 105-6 Indígena,Sustituye notarías y conservadores,Comisión sobre Sistemas de Justicia
267_ind_ind,https://www.chileconvencion.cl/wp-content/uploads/2022/02/103-ESCANOS-RESERVADOS-PARA-PUEBLOS-ORIGINARIOS.pdf,Iniciativa Popular Indígena que establece un sistema electoral con escaños reservados,Boletín 103-1 Indígena,Escaños reservados,Comisión sobre Sistema Político
269_ind_ind,https://www.chileconvencion.cl/wp-content/uploads/2022/02/101-RECONOCIMIENTO-TERRITORIAL-DE-LOS-PUEBLOS-ORIGINARIOS.pdf,Iniciativa Popular Indígena que garantiza el reconocimiento y la autonomía territorial de los pueblos indígenas,Boletín 101-3 Indígena,Autonomía territorial,Comisión sobre Forma de Estado
272_ind_ind,https://www.chileconvencion.cl/wp-content/uploads/2022/02/98-norma.pdf,"Iniciativa Popular Indígena que establece que Chiles es un Estado plurinacional, intercultural, plurilingüe, descentralizado y con autonomías indígenas",Boletín 98-1 Indígena,Estado plurinacional,Comisión sobre Sistema Político
274_ind_ind,https://www.chileconvencion.cl/wp-content/uploads/2022/02/96-norma.pdf,Iniciativa Popular Indígena que reconoce la titularidad de los pueblos y naciones indígenas en los bienes naturales ubicados en territorios ancestrales,Boletín 96-5 Indígena,Titularidad en bienes naturales en territorios ancestrales,Comisiones de Medio Ambiente y de Principios Constitucionales 
276_ind_ind,https://www.chileconvencion.cl/wp-content/uploads/2022/02/94-norma.pdf,Iniciativa Popular Indígena que consagra que Chile es un Estado Plurinacional,Boletín 94-1 Indígena,Estado plurinacional,Comisión sobre Sistema Político
278_ind_ind,https://www.chileconvencion.cl/wp-content/uploads/2022/02/92-norma.pdf,Iniciativa Popular Indígena sobre reconocimiento de diferentes derechos de los pueblos y naciones preexistentes,Boletín 92-4 Indígena,Derechos pueblos y naciones preexistentes ,"Comisiones de Derechos Fundamentales, Sistema Político y Sistemas de Justicia"
280_ind_ind,https://www.chileconvencion.cl/wp-content/uploads/2022/02/90-norma.pdf,Iniciativa Popular Indígena que consagra el estatuto territorial indígena,Boletín 90-3 Indígena,Estatuto territorial indígena,Comisión sobre Forma de Estado
271_ind_ind,https://www.chileconvencion.cl/wp-content/uploads/2022/02/99-norma.pdf,Iniciativa popular Indígena que reconoce la libre determinación de los pueblos y naciones preexistentes,Boletín 99-1 Indígena,Libre determinación de pueblos y naciones preexistentes,Comisión sobre Sistema Político
273_ind_ind,https://www.chileconvencion.cl/wp-content/uploads/2022/02/97-norma.pdf,Iniciativa Popular Indígena que reconoce y reivindica el valor gnoseológico del conocimiento ancestral de los pueblos indígenas,Boletín 97-7 Indígena,Conocimiento ancestral,Comisión sobre Sistemas de Conocimientos
275_ind_ind,https://www.chileconvencion.cl/wp-content/uploads/2022/02/95-norma.pdf,Iniciativa Popular Indígena que consagra diversos derechos de los pueblos originarios,Boletín 95-4 Indígena,Derechos pueblos originarios,"Comisiones de Derechos Fundamentales, Sistema Político y Sistemas de Conocimientos"
277_ind_ind,https://www.chileconvencion.cl/wp-content/uploads/2022/02/93-norma.pdf,"Iniciativa Popular Indígena que consagra el derecho de los pueblos y naciones preexistentes a la tierra, territorio, recursos y bienes naturales",Boletín 93-4 Indígena,"Derecho a la tierra, territorio, recursos y bienes naturales",Comisiones de Derechos Fundamentales y de Medio Ambiente
279_ind_ind,https://www.chileconvencion.cl/wp-content/uploads/2022/02/91-norma.pdf,Iniciativa Popular Indígena sobre reconocimiento y reparación integral de los pueblos indígenas,Boletín 91-4 Indígena,Reparación integral,Comisión de Derechos Fundamentales
282_ind_ind,https://www.chileconvencion.cl/wp-content/uploads/2022/02/88-norma.pdf,Iniciativa Popular Indígena que crea el Ministerio indígena,Boletín 88-1 Indígena,Ministerio Indígena,Comisión sobre Sistema Político
284_ind_ind,https://www.chileconvencion.cl/wp-content/uploads/2022/02/86-norma.pdf,Iniciativa Popular Indígena que consagra el Desarrollo de los territorios indígenas,Boletín 86-5 Indígena,Desarrollo territorios indígenas,Comisión sobre Medio Ambiente
286_ind_ind,https://www.chileconvencion.cl/wp-content/uploads/2022/02/84-norma.pdf,Iniciativa Popular Indígena que consagra a Chile como estado plurinacional y reconocimiento constitucional del Mapudungún como lengua oficial de los territorios ancestrales Mapuches,Boletín 84-1 Indígena,Estado plurinacional,Comisión sobre Sistema Político
288_ind_ind,https://www.chileconvencion.cl/wp-content/uploads/2022/02/82-norma.pdf,Iniciativa Popular Indígena que consagra el Derecho a la Naturaleza,Boletín 82-5 Indígena,Derecho a la naturaleza,Comisión sobre Medio Ambiente
290_ind_ind,https://www.chileconvencion.cl/wp-content/uploads/2022/02/80-Derecho-de-los-Pueblos-Indigenas-a-vivir-en-un-ambiente-sano.pdf,Iniciativa Popular Indígena sobre derecho de los Pueblos Indígenas a vivir en un ambiente sano,Boletín 80-5 Indígena,Derecho a vivir en ambiente sano,Comisión sobre Medio Ambiente
281_ind_ind,https://www.chileconvencion.cl/wp-content/uploads/2022/02/89-norma.pdf,Iniciativa Popular Indígena que consagra el reconocimiento a la nacionalidad originaria de los integrantes de pueblos originarios,Boletín 89-2 Indígena,Reconocimiento nacionalidad originaria,Comisiones de Principios Constitucionales y de Derechos Fundamentales
283_ind_ind,https://www.chileconvencion.cl/wp-content/uploads/2022/02/87-norma.pdf,Iniciativa Popular Indígena que crea una nueva institucionalidad territorial ambiental del Estado,Boletín 87-6 Indígena,Institucionalidad territorial ambiental,Comisión sobre Sistemas de Justicia
285_ind_ind,https://www.chileconvencion.cl/wp-content/uploads/2022/02/85-norma.pdf,Iniciativa Popular Indígena que consagra el Derecho a la salud,Boletín 85-4 Indígena,Derecho a la salud,Comisión de Derechos Fundamentales
287_ind_ind,https://www.chileconvencion.cl/wp-content/uploads/2022/02/83-norma.pdf,"Iniciativa Popular Indígena que consagra la participación del pueblo mapuche y de los demás pueblos originarios en los órganos, instituciones y poderes del estado”",Boletín 83-1 Indígena,Participación en instituciones y poderes del Estado,Comisión sobre Sistema Político
289_ind_ind,https://www.chileconvencion.cl/wp-content/uploads/2022/02/81-norma.pdf,"Iniciativa Popular Indígena que consagra el Derecho al consentimiento previo, libre e informado",Boletín 81-4 Indígena,"Derecho al consentimiento previo, libre e informado",Comisión de Derechos Fundamentales
292_ind_ind,https://www.chileconvencion.cl/wp-content/uploads/2022/02/77-Derecho-al-territorio-la-tierra-y-el-uso-de-Espacios-Publicos-para-Pueblos-Originarios.pdf,"Iniciativa Popular Indígena sobre derecho al territorio, la tierra, y el uso de Espacios Públicos para Pueblos Originarios",Boletín 77-4 Indígena,Derecho al territorio,Comisión de Derechos Fundamentales
294_ind_ind,https://www.chileconvencion.cl/wp-content/uploads/2022/02/75-Soberania-de-los-pueblos-indigenas-sobre-sus-datos-e-informacion-y-proteccion-al-conocimiento-ancestral.pdf,"Iniciativa Popular Indígena que reconoce la soberanía de los pueblos indígenas sobre sus datos e información, y otorga protección al conocimiento ancestral",Boletín 75-7 Indígena,Soberanía sobre datos e información,Comisión sobre Sistemas de Conocimientos
296_ind_ind,https://www.chileconvencion.cl/wp-content/uploads/2022/02/73-Consagra-el-derecho-de-los-pueblos-indigenas-y-tribales-a-la-vivienda-digna-con-identidad-cultural.pdf,"Iniciativa Popular Indígena que consagra el derecho de los pueblos indígenas y tribales, a la vivienda digna con identidad cultural",Boletín 73-4 Indígena,Vivienda digna,Comisión de Derechos Fundamentales
298_ind_ind,https://www.chileconvencion.cl/wp-content/uploads/2022/02/71-Chile-Estado-plurinacional-e-intercultural-descentralizado-libre-determinacion-de-los-pueblos-originarios.pdf,"Iniciativa Popular Indígena que declara a Chile como un Estado plurinacional e intercultural, descentralizado, y reconoce el derecho a la libre determinación de los pueblos originarios",Boletín 71-3 Indígena,"Estado plurinacional, intercultural y descentralizado",Comisión sobre Forma de Estado
300_ind_ind,https://www.chileconvencion.cl/wp-content/uploads/2022/02/69-Ejercicio-de-mecanismos-de-democracia-participativa-por-parte-de-los-pueblos-de-Chile.pdf,Iniciativa Popular Indígena sobre ejercicio de mecanismos de democracia participativa por parte de los pueblos de Chile,Boletín 69-2 Indígena,Democracia participativa,Comisión sobre Principios Constitucionales
291_ind_ind,https://www.chileconvencion.cl/wp-content/uploads/2022/02/79-Exige-el-mecanismo-de-consulta-indigena-en-proteccion-de-sus-derechos-e-intereses-indigenas.pdf,"Iniciativa Popular Indígena que exige el mecanismo de consulta indígena, y el consentimiento libre e informado de los pueblos, respecto de medidas administrativas o políticas públicas, en protección de sus derechos e intereses",Boletín 79-2 Indígena,Consulta Indígena,Comisión sobre Principios Constitucionales
293_ind_ind,https://www.chileconvencion.cl/wp-content/uploads/2022/02/76-Preexistencia-de-los-pueblos-indigenas-y-proteccion-de-su-relacion-con-el-territorio-ancestral-su-flora-y-fauna-local.pdf,"Iniciativa Popular Indígena sobre reconocimiento de la preexistencia de los pueblos indígenas y protección de su relación con el territorio ancestral, su flora y fauna local",Boletín 76-5 Indígena,Reconocimiento preexistencia pueblos indígenas,Comisión sobre Medio Ambiente
295_ind_ind,https://www.chileconvencion.cl/wp-content/uploads/2022/02/74-Derecho-de-pueblos-indigenas-a-decidir-desarrollo-economico-social-y-medionamiental-de-sus-territorios.pdf,Iniciativa Popular Indígena que consagra el derecho de los pueblos indígenas a decidir sobre el desarrollo económico social y medioambiental de los territorios que habitan,Boletín 74-5 Indígena,"Desarrollo económico, social y medioambiental",Comisión sobre Medio Ambiente
297_ind_ind,https://www.chileconvencion.cl/wp-content/uploads/2022/02/72-Derecho-a-las-practicas-de-salud-ancestral-de-los-Pueblos-Originarios-en-contextos-de-Interculturalidad.pdf,"Iniciativa Popular Indígena sobre el derecho a las prácticas de salud ancestral de los Pueblos Originarios, en contextos de Interculturalidad",Boletín 72-4 Indígena,Práctica salud ancestral,Comisión de Derechos Fundamentales
299_ind_ind,https://www.chileconvencion.cl/wp-content/uploads/2022/02/70-Reconoce-y-protege-la-especial-relacion-de-los-pueblos-naciones-preexistentes-con-el-territorio-y-su-entorno.pdf,Iniciativa Popular Indígena que reconoce y protege la especial relación de los pueblos naciones preexistentes con el territorio y su entorno,Boletín 70-4 Indígena,Reconoce y protege relación de pueblos preexistentes con el territorio,Comisión de Derechos Fundamentales
302_ind_ind,https://www.chileconvencion.cl/wp-content/uploads/2022/02/67-Reconoce-la-autonomia-y-el-derecho-de-autogobierno-de-los-pueblos-indigenas.pdf,Iniciativa popular Indígena que reconoce la autonomía y el derecho de autogobierno de los pueblos indígenas,Boletín 67-3 Indígena,Autonomía y autogobierno pueblos indígenas,Comisión sobre Forma de Estado
304_ind_ind,https://www.chileconvencion.cl/wp-content/uploads/2022/02/65-Reconocimiento-de-derechos-colectivos-e-individuales.pdf,Iniciativa popular Indígena que reconoce la preexistencia de los pueblos originarios y su libre determinación,Boletín 65-1 Indígena,Preexistencia de pueblos originarios,Comisión sobre Sistema Político
306_ind_ind,https://www.chileconvencion.cl/wp-content/uploads/2022/02/63-Estado-Plurinacional-y-Principios-Rectores.pdf,Iniciativa Popular Indígena que reconoce que Chile es un Estado Plurinacional,Boletín 63-1 Indígena,Estado Plurinacional,Comisión sobre Sistema Político
308_ind_ind,https://www.chileconvencion.cl/wp-content/uploads/2022/02/61-DDFF-de-Pueblos-Indigenas-en-la-nueva-Constitucion.pdf,Iniciativa Popular Indígena sobre derecho de propiedad y colectivos de los pueblos originarios,Boletín 61-4 Indígena,Derecho de propiedad,Comisión de Derechos Fundamentales
310_ind_ind,https://www.chileconvencion.cl/wp-content/uploads/2022/02/59-Derecho-a-la-Consulta-previa-libre-e-informada-de-los-Pueblos-Indígenas-de-Chile.pdf,Iniciativa Popular Indígena que consagra el Derecho a la consulta,Boletín 59-2 Indígena,Derecho a la consulta,Comisión sobre Principios Constitucionales
301_ind_ind,https://www.chileconvencion.cl/wp-content/uploads/2022/02/68-Garantiza-el-pleno-respeto-a-los-derechos-humanos-de-los-y-las-indigenas.pdf,Iniciativa Popular Indígena que garantiza el pleno respeto a los derechos humanos de los y las indígenas,Boletín 68-2 Indígena,Garantiza respeto DDHH de las y los indígenas,Comisión sobre Principios Constitucionales
303_ind_ind,https://www.chileconvencion.cl/wp-content/uploads/2022/02/66-DERECHOS-COLECTIVOS-DE-TIERRAS-Y-TERRITORIOS-RECURSOS-NATURALES.pdf,Iniciativa Popular Indígena que establece diferentes derechos de los pueblos originarios,Boletín 66-4 Indígena,Derechos pueblos originarios,Comisión de Derechos Fundamentales
305_ind_ind,https://www.chileconvencion.cl/wp-content/uploads/2022/02/64-Soberania-alimentaria-de-los-pueblos.pdf,Iniciativa Popular Indígena que establece la soberanía alimentaria de los pueblos originarios,Boletín 64-5 Indígena,Soberanía alimentaria,Comisión sobre Medio Ambiente
307_ind_ind,https://www.chileconvencion.cl/wp-content/uploads/2022/02/62-Creacion-de-la-Agencia-Ambiental-por-la-Madre-Tierra.pdf,Iniciativa Popular Indígena que crea la Agencia Ambiental por la Madre Tierra,Boletín 62-6 Indígena,Crea Agencia Ambiental,Comisión sobre Sistemas de Justicia
309_ind_ind,https://www.chileconvencion.cl/wp-content/uploads/2022/02/60-El-derecho-de-libre-determinación-y-al-desarrollo-de-los-pueblos-indígenas-en-Chile.pdf,Iniciativa Popular Indígena sobre derecho de libre determinación y al desarrollo de los pueblos indígenas en Chile,Boletín 60-1 Indígena,Derecho de libre determinación,Comisión sobre Sistema Político
312_ind_ind,https://www.chileconvencion.cl/wp-content/uploads/2022/02/57-Derechos-de-los-Pueblos-Indígenas-en-la-nueva-Constitución-chilena.pdf,"Iniciativa Popular Indígena que consagra el derecho a la tierra, territorio y recursos de las comunidades indígenas",Boletín 57-4 Popular,Derecho a la tierra,Comisión de Derechos Fundamentales
314_ind_ind,https://www.chileconvencion.cl/wp-content/uploads/2022/02/55-Renenguien-Domo-Nahuen-Energías-equilibrada-de-mujer.pdf,"Iniciativa Popular Indígena que consagra el derecho a la autonomía y autodeterminación de las mujeres, con respeto de los derechos humanos e interculturales",Boletín 55-4 Indígena,Derecho autonomía y autodeterminación de las mujeres,Comisión de Derechos Fundamentales
316_ind_ind,https://www.chileconvencion.cl/wp-content/uploads/2022/02/53-DERECHOS-DE-PROPIEDAD-INDIVIDUAL-SOBRE-TIERRAS-INDIGENAS.pdf,Iniciativa popular Indígena que consagra el derecho de propiedad de los pueblos originarios,Boletín 53-4 Indígena,Derecho de propiedad,Comisión de Derechos Fundamentales
318_ind_ind,https://www.chileconvencion.cl/wp-content/uploads/2022/02/51-Sobre-derechos-linguisticos-del-pueblo-mapuche-y-la-educacion-propia-en-los-territorios.pdf,Iniciativa Popular Indígena que garantiza la revitalización del idioma Mapuzungun,Boletín 51-7 Popular,Revitalización idioma Mapuzungun,Comisión sobre Sistemas de Conocimientos
320_ind_ind,https://www.chileconvencion.cl/wp-content/uploads/2022/02/49-DERECHO-A-LA-EDUCACION-PROPIA-DE-LAS-PRIMERAS-NACIONES.pdf,Iniciativa Popular Indígena que consagra el derecho a la educación de los pueblos originarios,Boletín 49-4 Indígena,Derecho a la educación,Comisión de Derechos Fundamentales
311_ind_ind,https://www.chileconvencion.cl/wp-content/uploads/2022/02/58-Derecho-al-agua-de-los-Pueblos-Indígenas-como-un-derecho-fundamental.pdf,Iniciativa Popular Indígena que consagra el derecho al agua de las comunidades indígenas,Boletín 58-5 Indígena,Derecho al agua,Comisión sobre Medio Ambiente
313_ind_ind,https://www.chileconvencion.cl/wp-content/uploads/2022/02/56-Desde-los-Cerros-de-Atacama-Propuestas-de-cambios-constitucionales-de-la-Comunidad-Atacameña-de-la-Puna.pdf,Iniciativa Popular Indígena que consagra propuestas constitucionales indígenas de diversas materias,Boletín 56-3 Indígena,Propuestas constitucionales,"Comisiones de Sistema Político, Principios Constitucionales, Forma de Estado, Derechos Fundamentales, Medio Ambiente y Sistemas de Conocimientos "
315_ind_ind,https://www.chileconvencion.cl/wp-content/uploads/2022/02/54-DERECHO-A-DESARROLLAR-CUALQUIER-ACTIVIDAD-ECONOMICA-EN-EL-MARCO-DEL-BUEN-VIVIR.pdf,Iniciativa Popular Indígena que consagra el derecho al desarrollo de cualquier actividad económica,Boletín 54-4 Popular,Desarrollo actividad económica,Comisión de Derechos Fundamentales
317_ind_ind,https://www.chileconvencion.cl/wp-content/uploads/2022/02/52-Propuesta-normativa-acordada-por-el-pueblo-Rapa-Nui-para-el-Territorio-Especial-de-ultramar-Rapa-Nui.pdf,"Iniciativa Popular Indígena que establece la autonomía jurídica, política, administrativa y económica del Territorio Rapa Nui",Boletín 52-3 Indígena ,Autonomía Rapa Nui,Comisión sobre Forma de Estado
319_ind_ind,https://www.chileconvencion.cl/wp-content/uploads/2022/02/50-Sobre-derechos-territoriales-del-pueblo-mapuche.pdf,Iniciativa Popular Indígena que establece la autonomía territorial mapuche,Boletín 50-3 Indígena ,Autonomía territorial mapuche,Comisión sobre Forma de Estado
322_ind_ind,https://www.chileconvencion.cl/wp-content/uploads/2022/02/47-EL-PUEBLO-MAPUCHE-DEFIENDE-LA-VIDA.pdf,"Iniciativa Popular Indígena que consagra el derecho a la vida de todos los seres humanos, desde la concepción",Boletín 47-4 Indígena,Derecho a la vida,Comisión de Derechos Fundamentales
321_ind_ind,https://www.chileconvencion.cl/wp-content/uploads/2022/02/48-Reconocimiento-y-reparacion-de-la-Deuda-Historica-a-los-Pueblos-originarios.pdf,Iniciativa Popular Indígena que consagra el derecho de propiedad de los pueblos indígenas,Boletín 48-4 Indígena,Derecho de propiedad,Comisión de Derechos Fundamentales
350_ind_ind,https://www.chileconvencion.cl/wp-content/uploads/2022/02/IPI-45-DERECHO-A-LA-VIVIENDA-Y-BARRIOS-CON-PERTINENCIA-CULTURAL-completa.pdf,Iniciativa Popular Indígena de derecho a la vivienda y barrios con pertinencia cultural,Boletín 45-4 Indígena,Derecho a la vivienda,Comisión de Derechos Fundamentales
349_ind_ind,https://www.chileconvencion.cl/wp-content/uploads/2022/02/IPI-46-Derechos-al-Territorio-de-las-Naciones-o-Pueblos-Originarios-completa.pdf,Iniciativa Popular Indígena de derechos al territorio de las Naciones o Pueblos Originarios,Boletín 46-1 Indígena,Derechos al territorio,Comisión sobre Sistema Político
352_ind_ind,https://www.chileconvencion.cl/wp-content/uploads/2022/02/IPI-43-Zoy-tain-kvme-feleinmutuam-tain-itrofil-mogen-Para-tener-una-mejor-salud-integral-completa.pdf,Iniciativa Popular Indígena de derecho a una mejor salud integral,Boletín 43-4 Indígena,Derecho salud integral,Comisión de Derechos Fundamentales
354_ind_ind,https://www.chileconvencion.cl/wp-content/uploads/2022/02/IPI-41-Libre-asociacion-entre-Nacion-Pueblo-Rapa-Nui-y-Nacion-Chilena-completa.pdf,"Iniciativa Popular Indígena que ratifica el Tratado Acuerdo de Voluntades de 1888, que garantiza la libre determinación de la Nación Pueblo Rapa Nui, vinculada al Estado de Chile en calidad de Libre Asociación",Boletín 41-3 Indígena,Tratado Acuerdo de Voluntades de 1888,Comisión sobre Forma de Estado
356_ind_ind,https://www.chileconvencion.cl/wp-content/uploads/2022/02/IPI-39-DESCOLONIZAR-EL-HABITAR-DERECHO-A-LA-VIVIENDA-Y-HABITAT-CON-PERTINENCIA-CULTURAL-INDIGENA-completo.pdf,Iniciativa Popular Indígena que garantiza el derecho a la vivienda y hábitat con pertinencia cultural indígena,Boletín 39-4 Indígena,Derecho a la vivienda ,Comisión de Derechos Fundamentales
358_ind_ind,https://www.chileconvencion.cl/wp-content/uploads/2022/02/IPI-37-RECONOCIMIENTO-DE-LENGUAS-OFICIALES-A-LAS-LENGUAS-INDIGENAS-completa.pdf,"Iniciativa Popular Indígena que reconoce como lenguas oficiales del Estado, al español y a las lenguas de los pueblos y naciones indígenas",Boletín 37-2 Indígena,Reconocimiento lenguas oficiales del Estado,Comisión sobre Principios Constitucionales
360_ind_ind,https://www.chileconvencion.cl/wp-content/uploads/2022/02/IPI-35-PROTECCION-Y-RECONOCIMIENTO-CONSTITUCIONAL-DE-LA-FAMILIA-INDIGENA-completa.pdf,Iniciativa Popular Indígena que otorga reconocimiento y protección a la familia indígena,Boletín 35-4 Indígena,Reconocimiento y protección a la familia indígena,Comisión de Derechos Fundamentales
351_ind_ind,https://www.chileconvencion.cl/wp-content/uploads/2022/02/IPI-44-Creacion-de-Municipios-Indigenas-administrador-por-alcaldes-indigenas-completa.pdf,Inicativa Popular Indígena de creación de Municipios Indígenas administrados por alcaldes indígenas,Boletín 44-3 Indígena,Municipios Indígenas,Comisión sobre Forma de Estado
353_ind_ind,https://www.chileconvencion.cl/wp-content/uploads/2022/02/IPI-42-Por-un-Chile-plurinacional-respetando-territorio-idioma-y-medioambiente-completo.pdf,"Iniciativa Popular Indígena de Chile plurinacional, con respeto por el territorio, el idioma y el medioambiente",Boletín 42-4 Indígena,Chile plurinacional,Comisión de Derechos Fundamentales
355_ind_ind,https://www.chileconvencion.cl/wp-content/uploads/2022/02/IPI-40-Derecho-al-agua-desde-la-perspectiva-del-Pueblo-y-Nacion-Mapuche-completa.pdf,Inicativa Popular Indígena de derecho al agua desde la perspectiva del Pueblo y Nación Mapuche,Boletín 40-4 Indígena,Derecho al agua desde la perspectiva del Pueblo y Nación Mapuche,Comisión de Derechos Fundamentales
357_ind_ind,https://www.chileconvencion.cl/wp-content/uploads/2022/02/IPI-38-CREACION-DE-LOS-TRIBUNALES-DE-LOS-PUEBLOS-INDIGENAS-EN-LA-NUEVA-CONSTITUCION-completa.pdf,Iniciativa Popular Indígena que establece respeto de los sistemas jurídicos indígenas a través de la creación de tribunales indígenas a través de la creación de tribunales indígenas,Boletín 38-6,Sistemas jurídicos indígenas,Comisión sobre Sistemas de Justicia
359_ind_ind,https://www.chileconvencion.cl/wp-content/uploads/2022/02/IPI-36-SOBRE-PROTECCION-RECONOCIMIENTO-Y-FOMENTO-DE-LA-EDUCACION-INDIGENA-completa.pdf,"Iniciativa Popular Indígena que otorga reconocimiento, protección y fomento a la educación indígena",Boletín 36-4 Indígena,"Reconocimiento, protección y fomento a la educación indígena",Comisión de Derechos Fundamentales
362_ind_ind,https://www.chileconvencion.cl/wp-content/uploads/2022/02/IPI-33-RECONOCIMIENTO-CONSTITUCIONAL-DE-LOS-PUEBLOS-Y-NACIONES-INDIGENAS-PREEXISTENTES-completa.pdf,Iniciativa Popular Indígena que establece reconocimiento constitucional de los pueblos y naciones indígenas preexistentes como titulares de derechos colectivos,Boletín 33-1 Indígena,Reconocimiento constitucional,Comisión sobre Sistema Político
364_ind_ind,https://www.chileconvencion.cl/wp-content/uploads/2022/02/IPI-31-PARTICIPACION-Y-REPRESENTACION-POLITICA-DE-LOS-PUEBLOS-Y-NACIONES-INDIGENAS-PREEXISTENTES-completa.pdf,Iniciativa Popular Indígena que reconoce participación y representación política de los pueblos y naciones indígenas preexistentes,Boletín 31-1 Indígena,Participación y representación política,Comisión sobre Sistema Político
366_ind_ind,https://www.chileconvencion.cl/wp-content/uploads/2022/02/IPI-29-TAIN-AMULDUNGUWE-Medios-de-Comunicacion-Indigena-para-todos-los-pueblos-completo.pdf,Iniciativa Popular Indígena sobre medios de comunicación indígena para todos los pueblos,Boletín 29-7 Indígena,Medios de comunicación indígena ,Comisión sobre Sistemas de Conocimientos
368_ind_ind,https://www.chileconvencion.cl/wp-content/uploads/2022/02/IPI-27-Reconocimiento-del-Pueblo-Huilliche-de-Chiloe-o-Veliche-y-sus-Descendientes-completa.pdf,Iniciativa Popular Indígena que reconoce pueblos y naciones preexistentes,Boletín 27-1 Indígena,Reconoce pueblos y naciones preexistentes,Comisión sobre Sistema Político
370_ind_ind,https://www.chileconvencion.cl/wp-content/uploads/2022/02/IPI-26-RECONOCIMIENTO-DE-SISTEMAS-DE-SALUD-DE-LOS-PUEBLOS-INDIGENAS-Y-SUS-SISTEMAS-LOCALES-DE-SALUD-AUTOGESTIONADOS-completa.pdf,"Iniciativa Popular Indígena que reconoce la diversidad de sistemas normativos indígenas y derecho propio, en el marco del Estado chileno",Boletín 25-6 Indígena,Sistemas normativos indígenas,Comisión sobre Sistemas de Justicia
361_ind_ind,https://www.chileconvencion.cl/wp-content/uploads/2022/02/IPI-34-DERECHO-DE-SOBERANIA-ALIMENTARIA-completa.pdf,Iniciativa Popular Indígena que reconoce derecho de soberanía alimentaria como derivación del derecho a la libre determinación,Boletín 34-4 Indígena,Derecho soberanía alimentaria,Comisión de Derechos Fundamentales
363_ind_ind,https://www.chileconvencion.cl/wp-content/uploads/2022/02/IPI-32-MANDATO-DE-INTERCULTURALIDAD-EN-EL-ESTADO-Y-REVOCACION-DE-CARGOS-DE-ELECCION-POPULAR-completa.pdf,Iniciativa Popular Indígena que establece mandato de interculturalidad en el Estado y revocación de cargos de elección popular,Boletín 32-1 Indígena,Interculturalidad en el Estado y revocación de cargos,Comisión sobre Sistema Político
365_ind_ind,https://www.chileconvencion.cl/wp-content/uploads/2022/02/IPI-30-RECONOCIMIENTO-DEL-TERRITORIO-ANCESTRAL-Y-LIBRE-DETERMINACION-completo.pdf,Iniciativa Popular Indígena de reconocimiento del territorio ancestral y libre determinación de los pueblos,Boletín 30-1 Indígena,Reconocimiento territorio ancestral,Comisión sobre Sistema Político
367_ind_ind,https://www.chileconvencion.cl/wp-content/uploads/2022/02/IPI-28-Kizungunewun-kalul-mew-Genero-Derechos-sexuales-y-reproductivos-de-las-Primeras-Naciones-completa.pdf,Iniciativa Popular Indígena que establece el deber del Estado de garantizar los derechos sexuales y reproductivos de las personas pertenecientes a naciones originarias de acuerdo a las costumbres propias de cada pueblo,Boletín 28-4 Indígena,Garantizar derechos sexuales y reproductivos de personas pertenecientes a naciones originarias,Comisión de Derechos Fundamentales
369_ind_ind,https://www.chileconvencion.cl/wp-content/uploads/2022/02/IPI-26-RECONOCIMIENTO-DE-SISTEMAS-DE-SALUD-DE-LOS-PUEBLOS-INDIGENAS-Y-SUS-SISTEMAS-LOCALES-DE-SALUD-AUTOGESTIONADOS-completa.pdf,Iniciativa Popular Indígena sobre reconocimiento de sistemas de salud de los pueblos indígenas y sus sistemas locales de salud autogestionados,Boletín 26-4 Indígena,Sistemas de Salud,Comisión de Derechos Fundamentales
372_ind_ind,https://www.chileconvencion.cl/wp-content/uploads/2022/02/IPI-23-Propuesta-territorial-de-sistema-poitico-y-fromas-de-gobierno-completa.pdf,Iniciativa Popular Indígena que reconoce plurinacionalidad y autonomía de los pueblos originarios,Boletín 23-3 Indígena,Plurinacionalidad y autonomía ,Comisión sobre Forma de Estado
374_ind_ind,https://www.chileconvencion.cl/wp-content/uploads/2022/02/IPI-21-Desde-los-Cerros-de-Atacama-Propuestas-de-normas-constitucionales-de-la-Comunidad-Atacamena-de-la-Puna-completa.pdf,"Iniciativa Popular Indígena que establece que el poder y la soberanía reside en los Pueblos que componen Chile, y consagra diversos principios y derechos",Boletín 21-2 Indígena,Poder y soberanía,Comisión sobre Principios Constitucionales
376_ind_ind,https://www.chileconvencion.cl/wp-content/uploads/2022/02/IPI-19-REIVINDICACION-DEL-PRINCIPIO-DE-SERVICIALIDAD-DE-ESTADO-CON-LOS-PUEBLOS-ORIGINARIOS-completa.pdf,Iniciativa Popular Indígena que reconoce principio de servicialidad del Estado con los pueblos originarios y protege ante incumplimiento,Boletín 19-2 Indígena,Principio de servicialidad del Estado,Comisión sobre Principios Constitucionales
378_ind_ind,https://www.chileconvencion.cl/wp-content/uploads/2022/02/IPI-17-PROTECCION-DE-SABERES-COLECTIVOS-TERRITORIALES-Y-COMUNITARIOS-completa.pdf,"Iniciativa Popular Indígena que establece el reconocimiento y protección de los saberes ancestrales, conocimiento tradicionales, expresiones culturales y propiedad intelectual de los pueblos indígena",Boletín 17-7 Indígena,Reconocimiento y protección de los saberes ancestrales,Comisión sobre Sistemas de Conocimientos
380_ind_ind,https://www.chileconvencion.cl/wp-content/uploads/2022/02/IPI-15-TIERRAS-TERRITORIOS-Y-ESPACIOS-COSTERO-MARINO-INTEGRALES-completa.pdf,"Iniciativa Popular Indígena que reconoce la integralidad de los territorios indígenas, sus usos y costumbre",Boletín 15-4 Indígena,Territorios indígenas ,Comisión de Derechos Fundamentales
371_ind_ind,https://www.chileconvencion.cl/wp-content/uploads/2022/02/IPI-24-RESTITUCION-TERRITORIAL-MAPUCHE-completa.pdf,Iniciativa Popular Indígena que establece deber del Estado de restituir tierras indígenas ancestralmente ocupadas por el pueblo mapuche,Boletín 24-4 Indígena,Restituir tierras indígenas,Comisión de Derechos Fundamentales
373_ind_ind,https://www.chileconvencion.cl/wp-content/uploads/2022/02/IPI-22-PARA-QUE-SE-GARANTICE-NUESTRO-KUME-MONGEN-completa.pdf,"Iniciativa Popular Indígena que consagra derechos culturales, lingüísticos, al territorio y otros",Boletín 22-4 Indígena,"Derechos culturales, lingüísticos, al territorio",Comisión de Derechos Fundamentales
375_ind_ind,https://www.chileconvencion.cl/wp-content/uploads/2022/02/IPI-20-AMUPELE-TAIN-KUME-FELENH-MOGENH-completa.pdf,"Iniciativa Popular Indígena que estatuye un Estado de Derecho Social y Pluricultural, con reconocimiento de la coexistencia de los pueblos originarios",Boletín 20-2 Indígena,Estado de Derecho Social y Pluricultural,Comisión sobre Principios Constitucionales
377_ind_ind,https://www.chileconvencion.cl/wp-content/uploads/2022/02/IPI-18-PRINCIPIOS-DE-PLURINACIONALIDAD-E-INTERCULTURALIDAD-completa.pdf,Iniciativa Popular Indígena que consagra principios de plurinacionalidad e interculturalidad,Boletín 18-2 Indígena,Principios de plurinacionalidad e interculturalidad,Comisión sobre Principios Constitucionales
379_ind_ind,https://www.chileconvencion.cl/wp-content/uploads/2022/02/IPI-16-Proteccion-derechos-colectivos-e-individuales-indigenas-completa.pdf,Iniciativa Popular Indígena que reconoce y protege los derechos colectivos e individuales de los pueblos indígenas,Boletín 16-4,Derechos colectivos e individuales de los pueblos indígenas,Comisión de Derechos Fundamentales
382_ind_ind,https://www.chileconvencion.cl/wp-content/uploads/2022/02/IPI-13-DISTRIBUCION-POLITICO-ADMINISTRATIVA-DEL-ESTADO-completa.pdf,Iniciativa Popular Indígena que establece descentralización política y administrativa en entidades territoriales y fomenta desarrollo equitativo entre ellas,Boletín 13-3 Indígena,Descentralización política ,Comisión sobre Forma de Estado
384_ind_ind,https://www.chileconvencion.cl/wp-content/uploads/2022/02/IPI-11-ESTADO-REGIONAL-PLURINACIONAL-E-INTERCULTURAL-completa.pdf,"Iniciativa Popular Indígena que establece la organización del Estado como regional, plurinacional e intercultura",Boletín 11-3 Indígena,Organización del Estado,Comisión sobre Forma de Estado
386_ind_ind,https://www.chileconvencion.cl/wp-content/uploads/2022/02/IPI-9-SISTEMA-ELECTORAL-CON-ESCANOS-RESERVADOS-completa.pdf,Iniciativa Popular Indígena que asegura la participación y presentación de candidaturas de pueblos indígenas y les reserva escaños,Boletín 9-1 Indígena,Reserva escaños,Comisión sobre Sistema Político
388_ind_ind,https://www.chileconvencion.cl/wp-content/uploads/2022/02/IPI-7-Garantizar-Educacion-de-Calidad-basada-en-la-Cultura-Indigena-y-el-uso-de-las-TI-completa.pdf,Iniciativa Popular Indígena que garantiza educación de calidad basada en la cultura indígena y el uso de las nuevas tecnologías de información y comunicación,Boletín 7-7 Indígena,Garantiza educación,Comisión sobre Sistemas de Conocimientos
390_ind_ind,https://www.chileconvencion.cl/wp-content/uploads/2022/02/IPI-4-DERECHO-AL-RECONOCIMIENTO-Y-SALVAGUARDA-DE-LOS-SISTEMAS-DE-SALUD-DE-LOS-PUEBLOS-INDIGENAS-completa.pdf,Iniciativa Popular Indígena que consagra el derecho al reconocimiento y salvaguarda de los sistemas de salud de los pueblos indígenas,Boletín 4-4 Indígena,Sistemas salud de los pueblos indígenas,Comisión de Derechos Fundamentales
381_ind_ind,https://www.chileconvencion.cl/wp-content/uploads/2022/02/IPI-14-NACIONALIDAD-INDIGENA-completa.pdf,Iniciativa Popular Indígena que reconoce y ordena regular el ejercicio de la nacionalidad indígena,Boletín 14-2 Indígena,Nacionalidad indígena,Comisión sobre Principios Constitucionales
383_ind_ind,https://www.chileconvencion.cl/wp-content/uploads/2022/02/IPI-12-DERECHOS-DE-LA-NATURALEZA-completa.pdf,Iniciativa Popular Indígena que reconoce y resguarda a la naturaleza como sujeto de derechos,Boletín 12-5 indígena,Naturaleza como sujeto de derechos,Comisión sobre Medio Ambiente
385_ind_ind,https://www.chileconvencion.cl/wp-content/uploads/2022/02/IPI-10-Principio-del-Itrofill-Mongen-completa.pdf,"Iniciativa Popular Indígena que reconoce el principio “Itrofill Mongen” (respeto, cuidado y conservación de todas las formas de vida de manera integral e interdependientes entre sí) y establece el deber del estado de garantizarlo",Boletín 10-2 Indígena,"Reconoce principio ""Itrofill Mongen""",Comisión sobre Principios Constitucionales
387_ind_ind,https://www.chileconvencion.cl/wp-content/uploads/2022/02/IPI-8-DERECHO-A-LA-SALUD-Y-BIENESTAR-KUME-FELEN-DE-LOS-PUEBLOS-INDIGENAS-U-ORIGINARIOS-completa.pdf,Iniciativa Popular Indígena que consagra derecho a la salud y bienestar (küme felen) de los pueblos indígenas,Boletín 8-4 Indígena,Derecho a la salud,Comisión de Derechos Fundamentales
389_ind_ind,https://www.chileconvencion.cl/wp-content/uploads/2022/02/IPI-5-Impulsar-Viviendas-orientada-a-la-Cosmovision-Andina-y-el-Buen-VivirSuma-Qamana-de-las-Familias-Indigenas-completa.pdf,Iniciativa Popular Indígena de desarrollo de una política de vivienda indígena orientada a la Cosmovisión Andina y el Buen Vivir (Suma Qamaña) de las familias indígenas,Boletín 5-4 Indígena,Política vivienda indígena,Comisión de Derechos Fundamentales
391_ind_ind,https://www.chileconvencion.cl/wp-content/uploads/2022/02/IPI-3-Propuesta-Mapuche-Comunidad-Indigena-Ancapan-Maicolpue-Rio-Sur-Mapu-Lafquen-completo.pdf,"Iniciativa Popular Indígena que establece territorio de las comunidades autoras y consagra derechos al agua, vivienda digna, medioambiente libre de contaminación, pertenecer a una nación preexistente, tierra, desarrollar un modelo económico, de familia y a la educación",Boletín 3-4 Indígena,"Derecho al agua, tierra, nación preexistente",Comisión de Derechos Fundamentales
